"","Week","Stage","mean","lci","uci"
"3","Apr 15 21","copepodid",0,0,0
"13","Apr 15 21","chalimus",0.0597071571525538,0.0580858085808582,0.0646666666666667
"23","Apr 15 21","motile",0,0,0
"33","Apr 15 21","total",0.0617451104405455,0.0589887640449437,0.0626193724420195
