"","Week","Stage","mean","lci","uci"
"3","Apr 15 21","copepodid",0,0,0
"13","Apr 15 21","chalimus",0.057483140982023,0.0556140350877196,0.0625
"23","Apr 15 21","motile",0,0,0
"33","Apr 15 21","total",0.0586033554283311,0.0551282051282052,0.0598459845984592
