"","Week","Stage","mean","lci","uci"
"3","Apr 15 21","copepodid",0.0988171285425873,0.0924223602484472,0.103703703703704
"6","May 06 21","copepodid",0.101682638420891,0.0992422192151551,0.110588235294118
"13","Apr 15 21","chalimus",0.234581245818017,0.216363636363636,0.23896103896104
"16","May 06 21","chalimus",0.216695627120824,0.2122,0.218888888888889
"23","Apr 15 21","motile",0,0,0
"26","May 06 21","motile",0.0952696859625971,0.0875471698113207,0.0981205311542404
"33","Apr 15 21","total",0.344251664948341,0.337965056526209,0.36
"36","May 06 21","total",0.420425375536243,0.418534571723426,0.428717948717949
