"","Week","Stage","mean","lci","uci"
"3","Apr 15 21","copepodid",0.0976989278783055,0.0945744680851064,0.0996352583586638
"6","May 06 21","copepodid",0.0984835863509211,0.083448275862069,0.102628571428571
"13","Apr 15 21","chalimus",0.241504786666527,0.228936170212766,0.246898954703832
"16","May 06 21","chalimus",0.221752155601187,0.218850574712644,0.2275
"23","Apr 15 21","motile",0,0,0
"26","May 06 21","motile",0.100927937164434,0.0994413407821239,0.106181818181818
"33","Apr 15 21","total",0.343619945418138,0.332666666666667,0.35045871559633
"36","May 06 21","total",0.421407853068895,0.416894553881808,0.440416666666666
