"","Week","Stage","mean","lci","uci"
"3","May 16 18","copepodid",2.5175310629837,2.47447916666667,2.53589860352155
"165","May 16 18","chalimus",5.65165873344765,5.59708737864078,5.67447916666667
"327","May 16 18","motile",2.00309197448834,1.89861111111111,2.02132545931759
"489","May 16 18","total",10.1708697568114,10.1263440860215,10.2186447811448
