"","Week","Stage","mean","lci","uci"
"3","May 16 18","copepodid",2.52736378653597,2.50439958592133,2.578125
"165","May 16 18","chalimus",5.69283352187342,5.66675118323193,5.76555164319249
"327","May 16 18","motile",2.01221881895355,1.97794117647059,2.02935107130311
"489","May 16 18","total",10.2167893186056,10.0331790123457,10.2568789308176
