"","Week","Stage","mean","lci","uci"
"3","May 16 18","copepodid",2.52048445377602,2.48912545787546,2.53623188405797
"165","May 16 18","chalimus",5.70630493152392,5.67399867122251,5.75933159722222
"327","May 16 18","motile",2.00500508119153,1.97888513513513,2.01853553921568
"489","May 16 18","total",10.1894521999396,10.1352339181287,10.2306125131441
