"","Week","Stage","mean","lci","uci"
"3","May 16 18","copepodid",2.49428784537479,2.42242907801419,2.51862302483071
"165","May 16 18","chalimus",5.6475648891433,5.53658536585366,5.67247267759562
"327","May 16 18","motile",2.01909181205361,2.00470323264441,2.07227891156463
"489","May 16 18","total",10.1470756257438,10.047256097561,10.1770498392283
