"","Week","Stage","mean","lci","uci"
"1","May 02 18","copepodid",0.556363352777992,0.54882315867255,0.588920112404657
"4","May 02 18","chalimus",1.78564211441296,1.76433121019108,1.82427107959023
"7","May 02 18","motile",0.170769163502463,0.163006177076184,0.176465098917507
"10","May 02 18","total",2.51694376977502,2.37704106877783,2.55939018261015
