"","Week","Stage","mean","lci","uci"
"3","May 16 18","copepodid",2.52344411631659,2.49477648202137,2.61607142857143
"6","May 16 18","chalimus",5.66972050622711,5.64470720720721,5.69284341978867
"9","May 16 18","motile",2.00498184346129,1.98828125,2.05787037037037
"12","May 16 18","total",10.2672550381169,10.2274328489652,10.4826388888889
