"","Week","Stage","mean","lci","uci"
"4","May 07 19","copepodid",0.692490047214232,0.68601443123939,0.711189516129032
"8","Jun 04 19","copepodid",0,0,0
"12","May 07 19","chalimus",1.05572999912031,0.985663082437276,1.07467474603457
"16","Jun 04 19","chalimus",0.0279864616429996,0.0233333333333333,0.0300331163640512
"20","May 07 19","motile",0.0360823985828404,0.0337228605839657,0.0460829493087559
"24","Jun 04 19","motile",0,0,0
"28","May 07 19","total",1.77588182121236,1.70311645708037,1.79734908974769
"32","Jun 04 19","total",0.0298894008494693,0.0279467423628009,0.033093278463649
