"","Week","Stage","mean","lci","uci"
"3","Apr 15 21","copepodid",0,0,0
"13","Apr 15 21","chalimus",0.0622729719727287,0.0600742354554974,0.0714737507906387
"23","Apr 15 21","motile",0,0,0
"33","Apr 15 21","total",0.0579390843428935,0.0561322568242981,0.0625583566760039
