"","Week","Stage","mean","lci","uci"
"3","Apr 15 21","copepodid",0,0,0
"13","Apr 15 21","chalimus",0.0583486049584429,0.0566037735849057,0.0631127450980392
"23","Apr 15 21","motile",0,0,0
"33","Apr 15 21","total",0.0569824514735868,0.0495356037151703,0.0601149351068638
