"","Week","Stage","mean","lci","uci"
"3","Apr 15 21","copepodid",0,0,0
"13","Apr 15 21","chalimus",0.0571103369446796,0.0536332179930793,0.060030165912519
"23","Apr 15 21","motile",0,0,0
"33","Apr 15 21","total",0.0643975121573451,0.0613801988968072,0.0737704918032787
