"","Week","Stage","mean","lci","uci"
"3","Apr 15 21","copepodid",0,0,0
"13","Apr 15 21","chalimus",0.061333139379077,0.0600000000000004,0.0648
"23","Apr 15 21","motile",0,0,0
"33","Apr 15 21","total",0.0606218939769201,0.0496296296296296,0.0641666666666667
