"","Week","Stage","mean","lci","uci"
"3","Apr 15 21","copepodid",0,0,0
"13","Apr 15 21","chalimus",0.059327877541255,0.0573537229883991,0.0628550485614805
"23","Apr 15 21","motile",0,0,0
"33","Apr 15 21","total",0.0552591035978879,0.0522289633342131,0.060392156862745
