"","Week","Stage","mean","lci","uci"
"3","May 16 18","copepodid",2.57743506096897,2.53545868575146,2.6021957019357
"165","May 16 18","chalimus",5.63312731734162,5.60746513535685,5.66962137520578
"327","May 16 18","motile",2.02689468146762,1.9978169343521,2.05053908355795
"489","May 16 18","total",10.234465158914,10.1683599419448,10.2817748289446
