"","Week","Stage","mean","lci","uci"
"3","May 16 18","copepodid",2.60779210294585,2.5922371967655,2.62264150943396
"165","May 16 18","chalimus",5.62790132697534,5.61871698113207,5.66037735849057
"327","May 16 18","motile",2.04335452311465,2.02526383114806,2.05533381712627
"489","May 16 18","total",10.2476031994486,10.2120231373089,10.3665269042628
