"","Week","Stage","mean","lci","uci"
"3","May 16 18","copepodid",2.60443228014865,2.56754716981132,2.6181238373638
"165","May 16 18","chalimus",5.62039643803318,5.56721698113207,5.63923126350837
"327","May 16 18","motile",2.03950476307147,2.0208282283754,2.04991913746631
"489","May 16 18","total",10.2581860411612,10.1774764150943,10.2860583816023
