"","Week","Stage","mean","lci","uci"
"58","Jun 05 19","copepodid",0,0,0
"220","Jun 05 19","chalimus",0,0,0
"382","Jun 05 19","motile",0.0300480432941025,0.024793388429752,0.031511335813539
"544","Jun 05 19","total",0.0317397770289229,0.0292929292929293,0.0332611832611833
