"","Week","Stage","mean","lci","uci"
"58","Jun 05 19","copepodid",0,0,0
"220","Jun 05 19","chalimus",0,0,0
"382","Jun 05 19","motile",0.0286337331033087,0.0265151515151515,0.030179218126102
"544","Jun 05 19","total",0.0277377209685334,0.0256805341551104,0.0294528450841071
