"","Week","Stage","mean","lci","uci"
"58","Jun 05 19","copepodid",0,0,0
"220","Jun 05 19","chalimus",0,0,0
"382","Jun 05 19","motile",0.02970709502867,0.0280534603678709,0.0313852813852814
"544","Jun 05 19","total",0.0295298053802882,0.0281946826758146,0.0355113636363637
