"","Week","Stage","mean","lci","uci"
"3","Apr 15 21","copepodid",0.100802439239505,0.0951111111111111,0.10243093922652
"6","May 06 21","copepodid",0.0981025980764707,0.0920879120879121,0.107777777777778
"13","Apr 15 21","chalimus",0.238860949554212,0.226060606060606,0.24261904761905
"16","May 06 21","chalimus",0.21848360161367,0.211,0.22079365079365
"23","Apr 15 21","motile",0,0,0
"26","May 06 21","motile",0.101989162571108,0.0995296752519603,0.110769230769231
"33","Apr 15 21","total",0.346765691372666,0.340751879699246,0.386666666666667
"36","May 06 21","total",0.420769762140039,0.414025316455691,0.434465408805031
