"","Week","Stage","mean","lci","uci"
"3","Apr 15 21","copepodid",0.0999862976445997,0.0942857142857143,0.101122448979592
"6","May 06 21","copepodid",0.102304996428228,0.0990769230769231,0.112222222222222
"13","Apr 15 21","chalimus",0.241491485084404,0.235602094240838,0.267586206896552
"16","May 06 21","chalimus",0.223696877224172,0.220588235294118,0.234
"23","Apr 15 21","motile",0,0,0
"26","May 06 21","motile",0.0992866937372231,0.0973848439821694,0.11
"33","Apr 15 21","total",0.335606307095645,0.330794297352342,0.342183908045977
"36","May 06 21","total",0.418622138777246,0.414454545454545,0.424504504504504
