"","Week","Stage","mean","lci","uci"
"3","Apr 15 21","copepodid",0.0972830726245237,0.092185430463576,0.102222222222222
"6","May 06 21","copepodid",0.0983292108373346,0.09375,0.100919540229885
"13","Apr 15 21","chalimus",0.252550745543187,0.245506329113922,0.269508196721312
"16","May 06 21","chalimus",0.224012364532366,0.221255230125524,0.22952380952381
"23","Apr 15 21","motile",0,0,0
"26","May 06 21","motile",0.0984016631704605,0.0905084745762711,0.101285714285713
"33","Apr 15 21","total",0.341130560611911,0.333521695257319,0.370188679245283
"36","May 06 21","total",0.417245622774111,0.408888888888889,0.429629629629629
