"","Week","Stage","mean","lci","uci"
"3","Apr 15 21","copepodid",0.0987418495362015,0.0965916398713819,0.102727272727273
"6","May 06 21","copepodid",0.096282400998647,0.0920754716981132,0.0978823529411763
"13","Apr 15 21","chalimus",0.237652790596252,0.225925925925926,0.241333333333334
"16","May 06 21","chalimus",0.215965245110435,0.204615384615385,0.219465020576131
"23","Apr 15 21","motile",0,0,0
"26","May 06 21","motile",0.100933789475981,0.0985185185185185,0.108101265822784
"33","Apr 15 21","total",0.337289384351563,0.313846153846154,0.347948717948718
"36","May 06 21","total",0.42006661561813,0.416737588652483,0.429090909090909
