"","Week","Stage","mean","lci","uci"
"3","Apr 15 21","copepodid",0.101401285819371,0.0982113821138209,0.111111111111111
"6","May 06 21","copepodid",0.100026238159929,0.0986567164179105,0.102739726027397
"13","Apr 15 21","chalimus",0.235510432772748,0.229896373056995,0.245925925925926
"16","May 06 21","chalimus",0.218811165769557,0.21,0.222470588235294
"23","Apr 15 21","motile",0,0,0
"26","May 06 21","motile",0.101239953454033,0.0978761061946906,0.107272727272727
"33","Apr 15 21","total",0.334101914571695,0.322758620689655,0.339093264248706
"36","May 06 21","total",0.416812355720688,0.37,0.422440191387559
